section_id,project_id,name,order_index
S-P-01-0,P-01,Backlog,0
S-P-01-1,P-01,Todo,1
S-P-01-2,P-01,In Progress,2
S-P-01-3,P-01,In Review,3
S-P-01-4,P-01,Done,4
S-P-02-0,P-02,Backlog,0
S-P-02-1,P-02,Todo,1
S-P-02-2,P-02,In Progress,2
S-P-02-3,P-02,In Review,3
S-P-02-4,P-02,Done,4
S-P-11-0,P-11,Backlog,0
S-P-11-1,P-11,Todo,1
S-P-11-2,P-11,In Progress,2
S-P-11-3,P-11,In Review,3
S-P-11-4,P-11,Done,4
S-P-21-0,P-21,Backlog,0
S-P-21-1,P-21,Todo,1
S-P-21-2,P-21,In Progress,2
S-P-21-3,P-21,In Review,3
S-P-21-4,P-21,Done,4
S-P-03-0,P-03,Backlog,0
S-P-03-1,P-03,Todo,1
S-P-03-2,P-03,In Progress,2
S-P-03-3,P-03,In Review,3
S-P-03-4,P-03,Done,4
S-P-08-0,P-08,Backlog,0
S-P-08-1,P-08,Todo,1
S-P-08-2,P-08,In Progress,2
S-P-08-3,P-08,In Review,3
S-P-08-4,P-08,Done,4
S-P-12-0,P-12,Backlog,0
S-P-12-1,P-12,Todo,1
S-P-12-2,P-12,In Progress,2
S-P-12-3,P-12,In Review,3
S-P-12-4,P-12,Done,4
S-P-22-0,P-22,Backlog,0
S-P-22-1,P-22,Todo,1
S-P-22-2,P-22,In Progress,2
S-P-22-3,P-22,In Review,3
S-P-22-4,P-22,Done,4
S-P-04-0,P-04,Backlog,0
S-P-04-1,P-04,Todo,1
S-P-04-2,P-04,In Progress,2
S-P-04-3,P-04,In Review,3
S-P-04-4,P-04,Done,4
S-P-07-0,P-07,Backlog,0
S-P-07-1,P-07,Todo,1
S-P-07-2,P-07,In Progress,2
S-P-07-3,P-07,In Review,3
S-P-07-4,P-07,Done,4
S-P-13-0,P-13,Backlog,0
S-P-13-1,P-13,Todo,1
S-P-13-2,P-13,In Progress,2
S-P-13-3,P-13,In Review,3
S-P-13-4,P-13,Done,4
S-P-23-0,P-23,Backlog,0
S-P-23-1,P-23,Todo,1
S-P-23-2,P-23,In Progress,2
S-P-23-3,P-23,In Review,3
S-P-23-4,P-23,Done,4
S-P-05-0,P-05,Backlog,0
S-P-05-1,P-05,Todo,1
S-P-05-2,P-05,In Progress,2
S-P-05-3,P-05,In Review,3
S-P-05-4,P-05,Done,4
S-P-09-0,P-09,Backlog,0
S-P-09-1,P-09,Todo,1
S-P-09-2,P-09,In Progress,2
S-P-09-3,P-09,In Review,3
S-P-09-4,P-09,Done,4
S-P-14-0,P-14,Backlog,0
S-P-14-1,P-14,Todo,1
S-P-14-2,P-14,In Progress,2
S-P-14-3,P-14,In Review,3
S-P-14-4,P-14,Done,4
S-P-24-0,P-24,Backlog,0
S-P-24-1,P-24,Todo,1
S-P-24-2,P-24,In Progress,2
S-P-24-3,P-24,In Review,3
S-P-24-4,P-24,Done,4
S-P-10-0,P-10,Backlog,0
S-P-10-1,P-10,Todo,1
S-P-10-2,P-10,In Progress,2
S-P-10-3,P-10,In Review,3
S-P-10-4,P-10,Done,4
S-P-06-0,P-06,Backlog,0
S-P-06-1,P-06,Todo,1
S-P-06-2,P-06,In Progress,2
S-P-06-3,P-06,In Review,3
S-P-06-4,P-06,Done,4
S-P-15-0,P-15,Backlog,0
S-P-15-1,P-15,Todo,1
S-P-15-2,P-15,In Progress,2
S-P-15-3,P-15,In Review,3
S-P-15-4,P-15,Done,4
S-P-25-0,P-25,Backlog,0
S-P-25-1,P-25,Todo,1
S-P-25-2,P-25,In Progress,2
S-P-25-3,P-25,In Review,3
S-P-25-4,P-25,Done,4
S-P-16-0,P-16,Backlog,0
S-P-16-1,P-16,Todo,1
S-P-16-2,P-16,In Progress,2
S-P-16-3,P-16,In Review,3
S-P-16-4,P-16,Done,4
S-P-17-0,P-17,Backlog,0
S-P-17-1,P-17,Todo,1
S-P-17-2,P-17,In Progress,2
S-P-17-3,P-17,In Review,3
S-P-17-4,P-17,Done,4
S-P-18-0,P-18,Backlog,0
S-P-18-1,P-18,Todo,1
S-P-18-2,P-18,In Progress,2
S-P-18-3,P-18,In Review,3
S-P-18-4,P-18,Done,4
S-P-19-0,P-19,Backlog,0
S-P-19-1,P-19,Todo,1
S-P-19-2,P-19,In Progress,2
S-P-19-3,P-19,In Review,3
S-P-19-4,P-19,Done,4
S-P-20-0,P-20,Backlog,0
S-P-20-1,P-20,Todo,1
S-P-20-2,P-20,In Progress,2
S-P-20-3,P-20,In Review,3
S-P-20-4,P-20,Done,4
